Workbook

Sheet Sprint 1
A1: Sprint 1
A2: Name | C2: Authentication sprint | G2: =IF(OR(NOW() < C5,NOW() > C6+1), "0",NETWORKDAYS(NOW(),C6)) -> 0
A3: Goal | C3: add all functionalities of authentication | E3: Duration | F3: =NETWORKDAYS(C5,C6)&" working days" -> 5 working days
A4: Process improvement | C4: improve sprint reporting | E4: Things | F4: =COUNTA(A17:A95)&" things" -> 8 things
A5: Start Date | C5: 45872 | E5: Story Points | F5: =SUM(C17:C99)&" points" -> 24 points
A6: End Date | C6: 45877 | G6: days left
A7: Sprint Metrics
A8: Things Planned | C8: =COUNTA(A17:A95) -> 8 | D8: Key Achievements | E8: Completed 8 user stories (24 story points) focused on authentication flows for patients and doctors (register, login, remember password, logout). Established a unified authentication logic reusable across roles (patient/doctor).
A9: Points Planned | C9: =SUM(C17:C95) -> 24
A10: Things done: | C10: 8
A11: Things left: | C11: 0 | D11: Performance Summary | E11: IMTA-2557 we should have kept this one out of sprint/commitment (has depencency on audit that didn't take place in this sprint)
A12: Story Points done | C12: 24
A13: Story Points left: | C13: 0
A15: Sprint Backlog
A16: ="Things ("&COUNTA(A17:A98)&")" -> Things (8) | B16: Type | C16: ="Story Points ("&SUM(C17:C98)&")" -> Story Points (24) | D16: Description
A17: id-1 | B17: story | C17: 3 | D17: As a patient, I want to register.
A18: id-2 | B18: story | C18: 3 | D18: As a patient, I want to login.
A19: id-3 | B19: story | C19: 3 | D19: As a patient, I want the site to remember my password.
A20: id-4 | B20: story | C20: 3 | D20: As a patient, I want to logout.
A21: id-5 | B21: story | C21: 3 | D21: As a doctor, I want to register.
A22: id-6 | B22: story | C22: 3 | D22: As a doctor, I want to login.
A23: id-7 | B23: story | C23: 3 | D23: As a doctor, I want the site to remember my password.
A24: id-8 | B24: story | C24: 3 | D24: As a doctor, I want to logout.

Sheet Sprint 2
A1: Sprint 2
A2: Name | C2: Main sprint | G2: =IF(OR(NOW() < C5,NOW() > C6+1), "0",NETWORKDAYS(NOW(),C6)) -> 0
A3: Goal | C3: add main functionality | E3: Duration | F3: =NETWORKDAYS(C5,C6)&" working days" -> 10 working days
A4: Process improvement | C4: improve sprint planning | E4: Things | F4: =COUNTA(A18:A95)&" things" -> 11 things
A5: Start Date | C5: 45878 | E5: Story Points | F5: =SUM(C18:C99)&" points" -> 41 points
A6: End Date | C6: 45891 | G6: days left
A7: Sprint Metrics
A8: Things Planned | C8: =COUNTA(A17:A95) -> 12 | D8: Key Achievements | E8: Key Achievements Completed 12 user stories (44 story points) focused on advanced doctor–patient interactions (patient management, report upload/delete, profile visualization, messaging). Implemented end-to-end workflow for analysis reports: upload → share with patient → patient visualization. Introduced patient–doctor communication via chat for clarifications on reports. Process Improvements Process improvement from previous sprint achieved: clearer separation between patient and doctor responsibilities in backlog refinement. Process improvement from current sprint partly achieved: started adoption of report management automation, but full integration with patient notification still pending.
A9: Points Planned | C9: =SUM(C17:C95) -> 44
A10: Things done: | C10: 12
A11: Things left: | C11: 0 | D11: Performance Summary | E11: IMTA-2557 we should have kept this one out of sprint/commitment (has depencency on audit that didn't take place in this sprint)
A12: Story Points done | C12: 44
A13: Story Points left: | C13: 0
A15: Sprint Backlog
A16: ="Things ("&COUNTA(A17:A98)&")" -> Things (12) | B16: Type | C16: ="Story Points ("&SUM(C17:C98)&")" -> Story Points (44) | D16: Description
A17: id-9 | B17: story | C17: 3 | D17: As a doctor, I want to add patients to my list of patients.
A18: id-10 | B18: story | C18: 3 | D18: As a doctor, I want to remove patients to my list of patients.
A19: id-11 | B19: story | C19: 3 | D19: As a doctor, I want to search patients.
A20: id-12 | B20: story | C20: 6 | D20: As a doctor, I want to see the entire medical profile of my patients.
A21: id-13 | B21: story | C21: 4 | D21: As a doctor, I want to upload the analysis reports of my patients.
A22: id-14 | B22: story | C22: 3 | D22: As a doctor, I want to delete my reports.
A23: id-15 | B23: story | C23: 5 | D23: As a doctor, I want to share the analysis reports with the patients, with explanation.
A24: id-16 | B24: story | C24: 3 | D24: As a doctor, I want to filter my reports by sector.
A25: id-17 | B25: story | C25: 3 | D25: As a patient, I want to visualize the analysis reports shared by the doctor.
A26: id-18 | B26: story | C26: 3 | D26: As a doctor, I want to have contact of patients along with reports.
A27: id-19 | B27: story | C27: 5 | D27: As a patient, I want to be notified by the doctor if he sees bad things in reports.
A28: id-20 | B28: story | C28: 3 | D28: As a doctor, I want to send messages to my patients through a chat in case of further explanation.

Sheet Sprint 3
A1: Sprint 3
A2: Name | C2: Details sprint | G2: =IF(OR(NOW() < C5,NOW() > C6+1), "0",NETWORKDAYS(NOW(),C6)) -> 0
A3: Goal | C3: add more awesome functionality | E3: Duration | F3: =NETWORKDAYS(C5,C6)&" working days" -> 10 working days
A4: Process improvement | C4: improve sprint planning | E4: Things | F4: =COUNTA(A18:A95)&" things" -> 13 things
A5: Start Date | C5: 45892 | E5: Story Points | F5: =SUM(C18:C99)&" points" -> 49 points
A6: End Date | C6: 45905 | G6: days left
A7: Sprint Metrics
A8: Things Planned | C8: =COUNTA(A17:A95) -> 14 | D8: Key Achievements | E8: Key Achievements Completed 14 user stories (50 story points) focused on reminders, notifications, and doctor–patient communication. Delivered full reminder management: set, edit, remove, and timeline visualization with notification history. Enabled multi-doctor collaboration through chat and email to improve patient case comparisons. Added patient features for exporting reports as PDF and managing contact/notification preferences. Process Improvements Process improvement from previous sprint achieved: better handling of dependencies between messaging and notification features during backlog refinement. Process improvement from current sprint partly achieved: initial integration of notification preferences with profile management, pending full rollout of cross-channel alerts.
A9: Points Planned | C9: =SUM(C17:C95) -> 52
A10: Things done: | C10: 14
A11: Things left: | C11: 0 | D11: Performance Summary | E11: IMTA-2557 we should have kept this one out of sprint/commitment (has depencency on audit that didn't take place in this sprint)
A12: Story Points done | C12: 52
A13: Story Points left: | C13: 0
A15: Sprint Backlog
A16: ="Things ("&COUNTA(A17:A98)&")" -> Things (14) | B16: Type | C16: ="Story Points ("&SUM(C17:C98)&")" -> Story Points (52) | D16: Description
A17: id-21 | B17: story | C17: 3 | D17: As a patient, I want to send messages to my doctors through a chat in case of explanation, after the doctor has contacted me.
A18: id-22 | B18: story | C18: 4 | D18: As a doctor, I want to contact other doctors of my patients via email.
A19: id-23 | B19: story | C19: 3 | D19: As a doctor, I want to have contact of other doctors of my patients for a further comparison.
A20: id-24 | B20: story | C20: 3 | D20: As a doctor, I want to send messages to other doctors of my patients through a chat.
A21: id-25 | B21: story | C21: 3 | D21: As a doctor, I want to access analysis reports of other sectors.
A22: id-26 | B22: story | C22: 5 | D22: As a patient, I want to be notified when it's time to get new analysis.
A23: id-27 | B23: story | C23: 4 | D23: As a doctor, I want to set the reminder cadence per test type.
A24: id-28 | B24: story | C24: 3 | D24: As a doctor, I want to edit the reminder.
A25: id-29 | B25: story | C25: 4 | D25: As a patient, I want to see a timeline with upcoming reminders and notification history.
A26: id-30 | B26: story | C26: 4 | D26: As a patient, I want to manage my contact info & notification preferences from profile.
A27: id-31 | B27: story | C27: 5 | D27: As a patient, I want to export my reports as PDF.
A28: id-32 | B28: story | C28: 3 | D28: As a doctor, I want to remove a reminder.
... A30: id-34 | B30: story | C30: 4 | D30: As a patient, I want to reply to the report once received.

Sheet Velocity
A1: Velocity | B1: Sprint | C1: Sprint 1 | D1: Sprint 2 | E1: Sprint 3
A3: =AVERAGE(C3:E3) -> 11.333333 | B3: Planned Things | C3: ='Sprint 1'!C8 -> 8 | D3: ='Sprint 2'!C8 -> 12 | E3: ='Sprint 3'!C8 -> 14
A4: =AVERAGE(C4:E4) -> 40 | B4: Planned Points | C4: ='Sprint 1'!C9 -> 24 | D4: ='Sprint 2'!C9 -> 44 | E4: ='Sprint 3'!C9 -> 52
A5: =AVERAGE(C5:E5) -> 11.333333 | B5: Finished Things | C5: ='Sprint 1'!C10 -> 8 | D5: ='Sprint 2'!C10 -> 12 | E5: ='Sprint 3'!C10 -> 14
A6: =AVERAGE(C6:E6) -> 40 | B6: Finished Points | C6: ='Sprint 1'!C12 -> 24 | D6: ='Sprint 2'!C12 -> 44 | E6: ='Sprint 3'!C12 -> 52
A7: =AVERAGE(C7:E7) -> 1.5966667 | B7: Points per dev day | C7: 1.6 | D7: 1.46 | E7: 1.73
A8: =AVERAGE(C8:E8) -> 1 | B8: Commit Score | C8: =(C6/C4) -> 1 | D8: =(D6/D4) -> 1 | E8: 1
